CODIGO CRM,VERS√ÉO,Descri√ß√£o,Valor Teto
BA00000003019,0, [GEBR] - GEST√ÉO EFICIENTE PARA BARES E RESTAURANTES,
BA00000002994,0, [GEBR] - GEST√ÉO EFICIENTE PARA BARES E RESTAURANTES - ATENDIMENTO COLETIVO,
BA00000002482,0, [GEBR] - GEST√ÉO EFICIENTE PARA BARES E RESTAURANTES - FINAN√áAS,
BA00000003258,0, [GEBR] - GEST√ÉO EFICIENTE PARA BARES E RESTAURANTES - MARKETING,
BA00000002503,0, [GEBR] - GEST√ÉO EFICIENTE PARA BARES E RESTAURANTES - OPERA√á√ïES E PROCESSOS,
BA00000002485,0, [GEBR] - GEST√ÉO EFICIENTE PARA BARES E RESTAURANTES - PESSOAS,
BA00000002480,0, [GEBR] - GEST√ÉO EFICIENTE PARA BARES E RESTAURANTES - PLANEJAMENTO,
BA00000003840,0, [INOVA√á√ÉO ABERTA] Bem-estar e satisfa√ß√£o no trabalho (CP47_2024),
BA00000003907,0, [INOVA√á√ÉO ABERTA] Boas Pr√°ticas na produ√ß√£o de Queijo (CP54_2024),
BA00000003762,0, [INOVA√á√ÉO ABERTA] Comportamento organizacional para gr√°ficas e comunica√ß√£o visual (CP35_2024),
BA00000003802,0, [INOVA√á√ÉO ABERTA] Comunica√ß√£o e Orat√≥ria (CP41_2024),
BA00000003757,0, [INOVA√á√ÉO ABERTA] Estrat√©gias comerciais para empresas gr√°ficas e de comunica√ß√£o visual (CP36_2024),
BA00000003904,0, [INOVA√á√ÉO ABERTA] Estrat√©gias de acesso a novos mercados para produtores de queijo (CP53_2024),
BA00000003818,0, [INOVA√á√ÉO ABERTA] Estrat√©gias de vendas digitais para o segmento de alimentos e bebidas (CP44_2024),
BA00000003841,2, [INOVA√á√ÉO ABERTA] Gest√£o Financeira para produtores rurais (CP46_2024),
BA00000003841,0, [INOVA√á√ÉO ABERTA] Gest√£o Financeira para produtores rurais (CP46_2024),
BA00000003845,0, [INOVA√á√ÉO ABERTA] Intelig√™ncia artificial no marketing digital (CP49_2024),
BA00000003799,0, [INOVA√á√ÉO ABERTA] Jornada do cliente (CP40_2024),
BA00000003831,0, [INOVA√á√ÉO ABERTA] Melhores pr√°ticas de gest√£o de conv√™nios m√©dicos (CP48_2024),
BA00000003758,0, [INOVA√á√ÉO ABERTA] T√©cnicas de produ√ß√£o para ind√∫strias de bebidas (CP37_2024),
BA00000003796,0, [INOVA√á√ÉO ABERTA] T√©cnicas de vendas com foco no digital (CP39_2024),
BA00000003876,0, [INOVA√á√ÉO ABERTA] Tr√°fego pago para redes sociais (CP51_2024),
BA00000003816,0, [INOVA√á√ÉO ABERTA] Transformando desafios em oportunidades no setor de sa√∫de (CP43_2024),
BA00000003888,0, [INOVA√á√ÉO ABERTA] Trilha pr√©-acelera√ß√£o para empreendedoras (CP50_2024),
BA00000003087,0, [LAB SEBRAE] - Conte√∫dos que vendem no Instagram,
BA00000003092,0, [LAB SEBRAE] An√∫ncios Patrocinados ‚Äì Como Criar An√∫ncios e Impulsionar,
BA00000003093,0, [LAB SEBRAE] Canva - Como Ser o Design da sua Empresa,
BA00000003095,0, [LAB SEBRAE] Encantamento de Clientes - T√©cnicas de venda e Convers√£o,
BA00000003132,0, [LAB SEBRAE] Entendendo M√©tricas e Monitorando Meus Resultados,
BA00000003130,0," [LAB SEBRAE] Instagram: Bio, Hashtags e Conte√∫do",
BA00000003094,0, [LAB SEBRAE] Lab Copywriting ‚Äì O Poder da Escrita na Cria√ß√£o de Conte√∫do,
BA00000003131,0, [LAB SEBRAE] Minha Empresa no Google Meu Neg√≥cio,
BA00000003133,0, [LAB SEBRAE] Usando o WhatsApp Business no Meu Neg√≥cio,
BA00000003134,0, [LAB SEBRAE] Utilizando Gatilhos Mentais na Sua Estrat√©gia de Marketing,
BA00000003096,0, [LAB SEBRAE] V√≠deos Estrat√©gicos Comerciais - V√≠deos que Vendem,
BA00000002267,1, [S] Adequa√ß√£o √† Norma ABNT NBR 16170:2013 - Qualidade do P√£o tipo Franc√™s,"R$ 7.490,00"
BA00000002527,2, [S] Adequa√ß√£o √† norma ABNT NBR ISO 15189:2015 - Laborat√≥rios Cl√≠nicos,"R$ 20.000,00"
BA00000002375,1, [S] Adequa√ß√£o √† norma ABNT NBR ISO 22000:2019 - Sistemas de Gest√£o da Seguran√ßa de Alimentos,"R$ 29.960,00"
BA00000002212,2, [S] Adequa√ß√£o √† norma ABNT NBR ISO 9001:2015 - Sistema de Gest√£o da Qualidade,"R$ 13.600,00"
BA00000002320,1," [S] Adequa√ß√£o √† norma ABNT NBR ISO 9001:2015 - Sistema de Gest√£o da Qualidade - Petr√≥leo, G√°s e Sistemistas da Ind√∫stria (Setor Petr√≥leo)","R$ 20.544,00"
BA00000003082,1, [S] Adequa√ß√£o √† Norma ABNT NBR ISO IEC 17025:2017 - Requisitos Gerais para a compet√™ncia de Laborat√≥rios de Ensaio e Calibra√ß√£o,"R$ 18.000,00"
BA00000002364,1, [S] Adequa√ß√£o √† norma ABNT NBR ISO IEC 20000-1:2020 - Tecnologia da Informa√ß√£o - Gest√£o de Servi√ßos,"R$ 17.120,00"
BA00000002362,1, [S] Adequa√ß√£o √† norma Rainforest Alliance para Agricultura Sustent√°vel (RAS) - Cadeia de Cust√≥dia,"R$ 8.774,00"
BA00000002363,1, [S] Adequa√ß√£o √† norma Rainforest Alliance para Agricultura Sustent√°vel (RAS) - C√≥digo de Conduta,"R$ 14.338,00"
BA00000002216,2, [S] Adequa√ß√£o √† Regulamenta√ß√£o da Produ√ß√£o Org√¢nica,"R$ 8.100,00"
BA00000002256,1, [S] Adequa√ß√£o √† s√©rie de normas ABNT NBR ISO 12647 - Tecnologia gr√°fica - Provas digitais,"R$ 12.444,00"
BA00000002318,1, [S] Adequa√ß√£o ao Programa Brasileiro da Qualidade e Produtividade do Habitat (PBQP-H),"R$ 16.692,00"
BA00000002872,0, [S] Adequa√ß√£o √†s Boas Pr√°ticas de Beneficiamento em Casas de Mel,"R$ 4.000,00"
BA00000002800,1," [S] Adequa√ß√£o √†s Normas ABNT NBR ISO 21101:2014, 21102:2021 E 21103:2014 - Turismo de Aventura - Sistema de Gest√£o de Seguran√ßa, L√≠deres e Informa√ß√µes aos Participantes","R$ 30.000,00"
BA00000002433,3, [S] Adequa√ß√£o √†s Normas de Qualidade para Servi√ßos Automotivos,"R$ 1.250,00"
BA00000002313,2, [S] Adequa√ß√£o conforme CMMI (Modelo Integrado de Maturidade e Capacidade) Vers√£o 2.0,"R$ 30.000,00"
BA00000002816,0, [S] Adequa√ß√£o de agroind√∫strias aos Servi√ßos de Inspe√ß√£o de Produtos de Origem Animal e/ou Vegetal,"R$ 19.200,00"
BA00000002817,0, [S] Adequa√ß√£o de estabelecimentos produtores de bebidas alco√≥licas para registro,"R$ 12.000,00"
BA00000002818,0," [S] Adequa√ß√£o de ind√∫strias √†s boas pr√°ticas de fabrica√ß√£o de produtos saneantes, de higiene pessoal, cosm√©ticos e perfumes","R$ 20.000,00"
BA00000002303,2, [S] Adequa√ß√£o do Manejo Nutricional de Rebanho Leiteiro - Bovinocultura,"R$ 2.461,00"
BA00000002702,1, [S] Adequa√ß√£o do Manejo Nutricional de Rebanho Leiteiro - Ovino e Caprino,"R$ 3.500,00"
BA00000003003,0, [S] Agricultura de Precis√£o: Mapa de Fertilidade de Solo,"R$ 12.000,00"
BA00000002821,0, [S] Aplica√ß√£o do M√©todo de Implementa√ß√£o de Softwares com Tecnologia BIM,"R$ 15.000,00"
BA00000003254,0, [S] Auditoria √âtica Comercial dos Membros da SEDEX (SMETA) para Exporta√ß√£o - C√≥digo de √âtica,"R$ 20.000,00"
BA00000002266,2, [S] Auditoria para Certifica√ß√£o PBQPH,"R$ 10.700,00"
BA00000003171,0, [S] Avalia√ß√£o de Loja,"R$ 6.000,00"
BA00000002274,2, [S] Avalia√ß√£o de Processos nas Ind√∫strias de Alimentos,"R$ 8.560,00"
BA00000002416,1, [S] Avalia√ß√£o de Processos nas Ind√∫strias de Alimentos - Modalidade Compacta,"R$ 5.000,00"
BA00000002368,2, [S] Avalia√ß√£o de Tempo de Vida de Prateleira,"R$ 7.490,00"
BA00000002357,1, [S] Biotecnologia da Fermenta√ß√£o,"R$ 9.630,00"
BA00000002217,2, [S] Boas Pr√°ticas Agr√≠colas - Adequa√ß√£o para Certifica√ß√£o de Produ√ß√£o Integrada da Cadeia Agr√≠cola,"R$ 16.000,00"
BA00000002716,2, [S] Boas Pr√°ticas Agr√≠colas - Banana üçå,"R$ 7.500,00"
BA00000002697,2, [S] Boas Pr√°ticas Agr√≠colas - Caf√©,"R$ 14.400,00"
BA00000002415,2, [S] Boas Pr√°ticas Agr√≠colas - Geral,"R$ 14.000,00"
BA00000002875,0, [S] Boas Pr√°ticas Agr√≠colas - Manga,"R$ 14.400,00"
BA00000002876,0, [S] Boas Pr√°ticas Agr√≠colas - Maracuj√°,"R$ 9.630,00"
BA00000002469,1, [S] Boas Pr√°ticas Agr√≠colas - Morango üçì,"R$ 7.500,00"
BA00000002250,3, [S] Boas Pr√°ticas de Higiene e Seguran√ßa dos Alimentos para o Setor de Alimentos e Bebidas - Ind√∫stria e Agroind√∫stria,"R$ 8.560,00"
BA00000002475,2," [S] Boas Pr√°ticas de Higiene e Seguran√ßa dos Alimentos para o Setor de Alimentos e Bebidas - Turismo, Com√©rcio e Servi√ßos","R$ 8.560,00"
BA00000002918,0, [S] Boas Pr√°ticas em Ambientes Comerciais - Layout e Aspectos do Visual Merchandising,"R$ 2.000,00"
BA00000002346,1, [S] Boas Pr√°ticas na Pecu√°ria de Leite e/ou Corte - Bovino,"R$ 3.750,00"
BA00000002706,1, [S] Boas Pr√°ticas na Pecu√°ria de Leite e/ou Corte - Ovino e Caprino,"R$ 2.996,00"
BA00000002799,0, [S] Boas Pr√°ticas no Segmento de Beleza,"R$ 6.500,00"
BA00000002775,2, [S] Branding,"R$ 16.560,00"
BA00000003438,0, [S] Certifica√ß√£o conforme norma ABNT NBR ISO 21101:2014 - Turismo de Aventura - Sistemas de gest√£o de seguran√ßa - Requisitos,"R$ 16.500,00"
BA00000002262,1, [S] Certifica√ß√£o conforme norma ABNT NBR ISO 9001:2015 - Sistema de Gest√£o da Qualidade,"R$ 10.700,00"
BA00000002381,1, [S] Certifica√ß√£o conforme norma Rainforest Alliance para Agricultura Sustent√°vel (RAS) - Cadeia de Cust√≥dia,"R$ 20.000,00"
BA00000002382,1, [S] Certifica√ß√£o conforme norma Rainforest Alliance para Agricultura Sustent√°vel (RAS) - C√≥digo de Conduta,"R$ 20.000,00"
BA00000002792,0, [S] Certifica√ß√£o conforme protocolo GlobalGAP,"R$ 15.000,00"
BA00000002417,1, [S] Certifica√ß√£o de Conte√∫do Local Para Servi√ßos e Equipamentos (ANP),"R$ 14.980,00"
BA00000002421,2, [S] Certifica√ß√£o de Produtos Org√¢nicos,"R$ 14.500,00"
BA00000002432,1, [S] Certifica√ß√£o de Servi√ßos Automotivos,"R$ 5.500,00"
BA00000002323,1, [S] Certificado de Registro Cadastral - CRC - (Setor Petr√≥leo),"R$ 9.095,00"
BA00000002819,1, [S] Cliente Oculto - Turismo,"R$ 3.000,00"
BA00000002476,3, [S] Comunica√ß√£o Visual,"R$ 12.000,00"
BA00000002488,2, [S] Consultoria para a Implanta√ß√£o de Estrat√©gias de Manejo de Moscas-das-Frutas baseadas no Controle Autocida,"R$ 16.530,00"
BA00000002771,1, [S] Consultoria para Acompanhamento de Projeto Piloto em BIM,"R$ 30.000,00"
BA00000002803,1, [S] Consultoria para cria√ß√£o de BIM Mandate e Plano de Implanta√ß√£o,"R$ 15.000,00"
BA00000002210,2, [S] Consultoria para Licenciamento Ambiental üçÉ,"R$ 12.000,00"
BA00000002501,1, [S] Consultoria para Mapeamento de Fluxo de Pessoas e Intelig√™ncia para o Varejo,"R$ 6.000,00"
BA00000002489,2, [S] Consultoria para o Monitoramento de Moscas-das-Frutas em Pomares de Frutas,"R$ 24.750,00"
BA00000002298,2, [S] Controle e Melhoria de Processos - Geral,"R$ 14.980,00"
BA00000002242,2, [S] Controle e Melhoria de Processos - Ind√∫stria Gr√°fica,"R$ 15.900,00"
BA00000002361,1, [S] Controle e Melhoria de Processos - Modelagem de Produtos de Moda,"R$ 11.974,00"
BA00000002261,2, [S] Controle e Melhoria de Processos - Otimiza√ß√£o do Processo Produtivo Gr√°fico,"R$ 11.400,00"
BA00000002223,1, [S] Dep√≥sito de Patente de Inven√ß√£o ou de Modelo de Utilidade,"R$ 6.500,00"
BA00000002220,1, [S] Desenvolvimento de Cole√ß√µes,"R$ 12.840,00"
BA00000002478,5, [S] Desenvolvimento de M√≠dias Digitais de Comunica√ß√£o,"R$ 7.500,00"
BA00000003442,0, [S] Desenvolvimento de Neg√≥cios Inovadores - Opera√ß√£o no Mercado,"R$ 12.000,00"
BA00000003443,0, [S] Desenvolvimento de Neg√≥cios Inovadores - Tra√ß√£o e Escala no Mercado,"R$ 18.000,00"
BA00000002299,1, [S] Desenvolvimento de Produto,"R$ 29.960,00"
BA00000002302,3, [S] Desenvolvimento de produtos aliment√≠cios novos ou melhorados,"R$ 28.000,00"
BA00000002295,1," [S] Desenvolvimento e Implanta√ß√£o de Estrat√©gia, Campanha e A√ß√µes Transm√≠dia Storytelling","R$ 17.120,00"
BA00000002193,3, [S] Design de Ambientes,"R$ 22.572,00"
BA00000002290,1, [S] Design de Produto Tridimensional - Artesanato,"R$ 13.025,00"
BA00000002477,1, [S] Design de R√≥tulo e aplica√ß√µes de elementos gr√°ficos na embalagem,"R$ 12.000,00"
BA00000002222,1, [S] Design e Melhoria de Servi√ßos,"R$ 9.800,00"
BA00000002247,3, [S] Elabora√ß√£o de Card√°pio e/ou Fichas T√©cnicas para Segmentos de Alimenta√ß√£o - Ind√∫stria de Panifica√ß√£o,"R$ 8.560,00"
BA00000002768,2," [S] Elabora√ß√£o de Card√°pio e/ou Fichas T√©cnicas para Segmentos de Alimenta√ß√£o - Turismo, Com√©rcio e Servi√ßos","R$ 9.000,00"
BA00000002200,5, [S] Fertiliza√ß√£o In Vitro (FIV) - Rebanho,"R$ 22.000,00"
BA00000002795,0, [S] Formata√ß√£o de Franquia,"R$ 30.000,00"
BA00000003415,0, [S] Genotipagem para Beta Caseina para Rebanhos Leiteiros,"R$ 1.000,00"
BA00000003456,0, [S] Gest√£o de Neg√≥cios Baseados em An√°lise e Intelig√™ncia em Dados,"R$ 5.000,00"
BA00000002955,0, [S] Implanta√ß√£o da norma ABNT NBR ISO 14001:2015 - Sistema de Gest√£o Ambiental,"R$ 17.000,00"
BA00000003706,0, [S] Implanta√ß√£o de Gest√£o ESG em conformidade ao Programa de Recomenda√ß√£o ABNT PR 2030 üçÉ,"R$ 5.000,00"
BA00000002204,2, [S] Implanta√ß√£o de Loja Virtual,"R$ 1.300,00"
BA00000002812,0, [S] Implanta√ß√£o de Projeto de Produ√ß√£o Aqu√≠cola,"R$ 20.000,00"
BA00000002227,1, [S] Implanta√ß√£o de Requisitos para Acredita√ß√£o Hospitalar - ONA,"R$ 25.000,00"
BA00000002272,1, [S] Implanta√ß√£o do C√≥digo de Barra,"R$ 6.420,00"
BA00000002954,0, [S] Implanta√ß√£o dos requisitos da norma OHSAS 18001 / ISO 45001,"R$ 17.000,00"
BA00000002887,0, [S] Implanta√ß√£o ou Adequa√ß√£o na Opera√ß√£o do Delivery,"R$ 2.500,00"
BA00000002305,3, [S] Insemina√ß√£o Artificial por Tempo Fixo - IATF - Rebanho - Bovino,"R$ 24.772,00"
BA00000003878,0, [S] Inser√ß√£o digital - Desenvolvimento de Website,"R$ 4.200,00"
BA00000003004,0, [S] Lean Farm,"R$ 30.000,00"
BA00000002265,2, [S] Lean Manufacturing - Geral,"R$ 29.960,00"
BA00000002241,1, [S] Lean Manufacturing - Ind√∫stria da Moda,"R$ 16.500,00"
BA00000002245,1, [S] Lean Manufacturing - Ind√∫stria de Alimentos,"R$ 14.980,00"
BA00000002874,1, [S] Manejo para Aumento da Produtividade na Produ√ß√£o de Mel e Derivados üçÉüêù,"R$ 5.400,00"
BA00000002235,4, [S] Melhoria da Efici√™ncia Energ√©tica e Fontes de Energia Alternativas,"R$ 9.600,00"
BA00000002522,1, [S] Melhoria da Qualidade do Leite,"R$ 2.675,00"
BA00000002435,1, [S] Melhoria de Layout Produtivo,"R$ 14.980,00"
BA00000002215,1, [S] Melhoria de Processo de Produ√ß√£o para o Segmento de Alimenta√ß√£o,"R$ 8.560,00"
BA00000002813,0, [S] Melhoria de Processo Produtivo para o Cultivo de Camar√£o e ou Peixe,"R$ 14.000,00"
BA00000003280,0, [S] Melhoria Gen√©tica - Caprinos e Ovinos,"R$ 14.000,00"
BA00000002370,2, [S] Metrologia - Calibra√ß√£o,"R$ 5.000,00"
BA00000002644,0, [S] Metrologia - Ensaios - Avalia√ß√£o de Carca√ßa de Bovino de Corte atrav√©s de Ultrassonografia,"R$ 15.000,00"
BA00000002372,2, [S] Metrologia - Ensaios - Servi√ßo de An√°lises Laboratoriais,"R$ 15.000,00"
BA00000002465,1, [S] Modelagem e Gradua√ß√£o para Vestu√°rio,"R$ 8.000,00"
BA00000002814,0, [S] Organiza√ß√£o e Controle de Estoque,"R$ 9.600,00"
BA00000002301,1, [S] Otimiza√ß√£o da Cadeia de Suprimentos,"R$ 12.720,00"
BA00000002772,2, [S] Otimiza√ß√£o de Processos com Conectividade (IoT),"R$ 20.000,00"
BA00000002327,1, [S] Outorga de √Ågua Subterr√¢nea,"R$ 7.000,00"
BA00000002538,2, [S] Outorga de √Åguas Superficiais - Estaduais,"R$ 8.000,00"
BA00000002699,2, [S] Outorga de √Åguas Superficiais - Federais,"R$ 8.000,00"
BA00000002776,1, [S] Parametriza√ß√£o de Processos Industriais Automatizados,"R$ 24.840,00"
BA00000002520,1, [S] Passeio Virtual - Tour Virtual 360¬∞,"R$ 3.600,00"
BA00000003431,0, [S] Planejamento e Controle da Manuten√ß√£o (PCM),"R$ 16.500,00"
BA00000002214,1, [S] Planejamento e Controle de Produ√ß√£o,"R$ 15.500,00"
BA00000002246,3, [S] Planejamento e Controle de Produ√ß√£o - Ind√∫stria da Moda,"R$ 11.675,00"
BA00000002237,1, [S] Planejamento e Controle de Produ√ß√£o - Padroniza√ß√£o de M√©todos de Manufatura no Setor da Moda,"R$ 16.050,00"
BA00000002965,0, [S] Planejamento Estrat√©gico Tecnol√≥gico,"R$ 15.000,00"
BA00000002252,1, [S] Planejamento Para Busca Org√¢nica - SEO,"R$ 4.280,00"
BA00000003731,0, [S] Planejamento para Implanta√ß√£o de A√ß√µes de Responsabilidade Social e Ambiental,"R$ 5.000,00"
BA00000002253,3, [S] Planejamento para Presen√ßa Digital e Links Patrocinados,"R$ 7.000,00"
BA00000002233,1, [S] Plano de Gerenciamento de Res√≠duos S√≥lidos,"R$ 8.560,00"
BA00000002521,3, [S] Preserva√ß√£o de Produtos por T√©cnicas de Congelamento e/ou Ultracongelamento,"R$ 12.560,00"
BA00000001703,1, [S] Produ√ß√£o de Am√™ndoas de Cacau de Qualidade,"R$ 3.424,00"
BA00000002975,0, [S] Produtividade e Digitaliza√ß√£o,"R$ 5.000,00"
BA00000002472,1, [S] Prospec√ß√£o de √Åguas Subterr√¢neas com An√°lise Geof√≠sica - Ambiente Fraturado ou C√°rstico,"R$ 13.000,00"
BA00000003454,0, [S] Prototipagem de Moldes de Inje√ß√£o e/ou Fundi√ß√£o,"R$ 30.000,00"
BA00000002438,2, [S] Prototipagem via Laborat√≥rio Aberto,"R$ 30.000,00"
BA00000002533,1, [S] Qualidade do Caf√© - Crit√©rios SCAA - Colheita e P√≥s-Colheita,"R$ 7.000,00"
BA00000002820,1, [S] Qualidade no Turismo - Implanta√ß√£o de procedimentos,"R$ 12.000,00"
BA00000002921,0, [S] Rastreabilidade de Vegetais Frescos - Instru√ß√£o Normativa Conjunta 02/2018 (MAPA),"R$ 8.000,00"
BA00000002824,0, [S] Realidade Aumentada Para os Pequenos Neg√≥cios,"R$ 13.000,00"
BA00000002822,0, [S] Realiza√ß√£o de Modelagem e Simula√ß√µes de projetos em BIM,"R$ 15.000,00"
BA00000002524,3, [S] Redu√ß√£o de Desperd√≠cio na Cozinha,"R$ 8.560,00"
BA00000002791,0, [S] Redu√ß√£o de Desperd√≠cio nos Pequenos Neg√≥cios - Geral,"R$ 4.320,00"
BA00000002733,1, [S] Redu√ß√£o de Desperd√≠cio nos Pequenos Neg√≥cios - Segmento de Beleza,"R$ 4.320,00"
BA00000002236,1, [S] Registro de Desenho Industrial,"R$ 4.000,00"
BA00000002271,1, [S] Rotulagem de Alimentos e Informa√ß√£o Nutricional,"R$ 3.750,00"
BA00000002922,0, [S] Sinaliza√ß√£o,"R$ 7.560,00"
BA00000002828,0, [S] Sistema APPCC - An√°lise de Perigos e Pontos Cr√≠ticos de Controle,"R$ 12.000,00"
BA00000002773,1, [S] UX - Experi√™ncia do Usu√°rio em Ambientes Digitais,"R$ 9.600,00"
BA00000002923,0, [S] Vitrines e Expositores,"R$ 3.480,00"
BA00000003769,0, Alcance a qualidade com a filosofia 5S,
BA00000003145,0, Alcance melhores resultados por meio de uma estrat√©gia de vendas¬†,
BA00000003881,0, Alcance o diferencial no atendimento ao seu cliente e gere impactos positivos,
BA00000003890,0, Alcance o melhor do planejamento estrat√©gico (Consultoria),
BA00000003887,0, Alcance o melhor do planejamento estrat√©gico (Curso),
BA00000003764,0, Alcance um empreendimento coletivo de sucesso em bases sustent√°veis,
BA00000003104,0," Associativismo e Cooperativismo - Organiza√ß√£o, Constitui√ß√£o e Funcionamento (consultoria e instrutoria)",
BA00000003776,0, Comece seu neg√≥cio colaborativo,
BA00000003469,0, Comercializar No Campo,
BA00000003158,0, Como Agir de Maneira Empreendedora,
BA00000003041,0, Como Atrair e Reter Talentos,
BA00000003161,0, Como Controlar o Fluxo de Caixa,
BA00000003162,0, Como Definir Pre√ßo de Venda,
BA00000003164,0, Como Encontrar Bons Fornecedores,
BA00000003711,0, Como estimular e exercitar sua criatividade,
BA00000003159,0, Como Expandir Seus Neg√≥cios,
BA00000003167,0, Como Planejar o Meu Neg√≥cio,
BA00000003710,0, Construa sua marca pessoal,
BA00000002628,0, Consultoria a Dist√¢ncia - Finan√ßas,
BA00000002629,0, Consultoria a Dist√¢ncia - Marketing,
BA00000002623,0, Consultoria a Dist√¢ncia - Planejamento,
BA00000002657,0, Consultoria a Dist√¢ncia - Tributa√ß√£o e Legisla√ß√£o,
BA00000000597,0, Consultoria para Implanta√ß√£o e Forma√ß√£o de Central de Neg√≥cios,
BA00000003296,0, Cultcoop,
BA00000003622,0, Desenvolvimento Setorial - Agroneg√≥cio Sustent√°vel (Consultoria e Instrutoria),
BA00000002972,0, Desenvolvimento Setorial - Economia Criativa (consultoria e instrutoria),
BA00000003255,0, Desenvolvimento Setorial - Neg√≥cios de Impacto Social (Consultoria e Instrutoria),
BA00000002951,0, Desenvolvimento Setorial - Turismo (consultoria e instrutoria),
BA00000002941,0, Desenvolvimento Setorial - Turismo de Aventura (consultoria e instrutria),
BA00000002933,0, Diagn√≥stico (ONLINE) de Enquadramento do Programa Franqueador Bahia,
BA00000000723,0, Diagn√≥stico de Enquadramento do Programa Franqueador Bahia,
BA00000003266,0, DIAGN√ìSTICO IND√öSTRIA 360,
BA00000000457,0, D-olho na qualidade Total Rural,
BA00000000129,0, EMPRETEC,
BA00000002449,0, EMPRETEC - Follow Up 21 dias,
BA00000003513,0, Empretec Rural,
BA00000003732,0, Empretec Startup,
BA00000003719,0, Equil√≠brio: uma meta de vida,
BA00000003862,0, ESG para Pequenas Empresas,
BA00000003808,0, Fa√ßa do atendimento uma √≥tima experi√™ncia,
BA00000003863,0, Fa√ßa gest√£o de estoque inteligente,
BA00000003146,0, Fa√ßa gest√£o de vendas e fidelize seu cliente,
BA00000003468,0, Fa√ßa gest√£o do seu neg√≥cio rural,
BA00000003901,0, Fa√ßa marketing digital e amplie o potencial da sua empresa,
BA00000003767,0, Fa√ßa marketing digital e amplie o potencial da sua empresa,
BA00000003617,0, Fa√ßa neg√≥cios no campo,
BA00000003243,0, Fa√ßa o controle financeiro da sua propriedade rural,
BA00000003797,0, Fa√ßa seu fluxo de caixa e controle seu capital de giro,
BA00000003144,0, Fa√ßa seus indicadores financeiros,
BA00000003919,0, Fa√ßa sua estrat√©gia de precifica√ß√£o,
BA00000003467,0, Fa√ßa um excelente atendimento na sua propriedade rural,
BA00000003880,0, Fa√ßa uma apresenta√ß√£o r√°pida do seu produto ou servi√ßo (Oficina),
BA00000003892,0, Fa√ßa uma apresenta√ß√£o r√°pida do seu produto ou servi√ßo (Palestra),
BA00000003774,0, Fa√ßa uma estrat√©gia digital de sucesso com ferramentas de marketing,
BA00000003860,0, Fa√ßa uma gest√£o empresarial integrada,
BA00000003760,0, Fa√ßa vitrines para atrair clientes e vender mais,
BA00000002615,0, Forma√ß√£o de multiplicadores JEPP,
BA00000002970,0, Gest√£o da Produ√ß√£o e Qualidade - Suprimentos e Produ√ß√£o - (consultoria e instrutoria),
BA00000003576,0, Idea√ß√£o e Prototipagem de Neg√≥cios Criativos,
BA00000003140,0, IN BOOK - 1¬™ Temporada (Online),
BA00000003141,0, IN BOOK - 2¬™ Temporada (Online),
BA00000003156,0, IN BOOK (Online) - Cliente,
BA00000003153,0, IN BOOK (Online) - Comunica√ß√£o,
BA00000003151,0, IN BOOK (Online) - Criatividade,
BA00000003154,0, IN BOOK (Online) - Empreendedorismo,
BA00000003155,0, IN BOOK (Online) - Estrat√©gia,
BA00000003152,0, IN BOOK (Online) - Prop√≥sito,
BA00000003157,0, IN BOOK (Online) - Storytelling,
BA00000003150,0, IN BOOK (Online) - Vendas,
BA00000003715,0, Intelig√™ncia emocional e seus impactos,
BA00000002186,0, Jovem Empreendedor No Campo,
BA00000000527,0, Liderar No Campo,
BA00000003212,0, Liderar o Futuro - Rural,
BA00000003734,0, Liderar o Futuro - Rural (MENTORIA),
BA00000003222,0, Marketing e Vendas - Marketing de Conte√∫do e Inbound Marketing  (Consultoria e Instrutoria),
BA00000002528,0, Marketing em destinos tur√≠sticos inteligentes - Empresas,
BA00000000493,0, Neg√≥cio Certo Rural,
BA00000003135,0, OFICINA BORA FAZER - MARKETING,
BA00000003136,0, OFICINA BORA FAZER - MODELAGEM DE NEG√ìCIO,
BA00000003137,0, OFICINA BORA FAZER - PRECIFICA√á√ÉO,
BA00000003138,0, OFICINA BORA FAZER - PROTOTIPAGEM,
BA00000002093,0, Oficina Modelagem de Neg√≥cio - Canvas,
BA00000003811,0, OLERICULTURA - M√≥dulo 1 - Planejamento da produ√ß√£o da pequena propriedade rural,
BA00000003812,0, OLERICULTURA - M√≥dulo 2 - Controles financeiros e custos para a pequena propriedade rural,
BA00000003813,0, OLERICULTURA - M√≥dulo 3 - Comercializa√ß√£o da produ√ß√£o da pequena propriedade rural ,
BA00000003814,0, OLERICULTURA - M√≥dulo 4 - Vis√£o estrat√©gica da pequena propriedade rural,
BA00000003815,0, OLERICULTURA - M√≥dulo 5 - Rastreabilidade na Olericultura,
BA00000003861,0, PES No Campo (Curso e Consultoria),
BA00000003850,0, PES No Campo: M√≥dulo I ‚Äì Ambiente Saud√°vel no Agro (ASA) - Consultoria ,
BA00000003852,0, PES No Campo: M√≥dulo I ‚Äì Ambiente Saud√°vel no Agro (ASA) - Curso,
BA00000003853,0, PES No Campo: M√≥dulo II ‚Äì Gest√£o de Resultados (GERE) - Consultoria,
BA00000003855,0, PES No Campo: M√≥dulo II ‚Äì Gest√£o de Resultados (GERE) - Curso,
BA00000003856,0, PES No Campo: M√≥dulo III ‚Äì Times da Excel√™ncia (TIMES) - Consultoria,
BA00000003857,0, PES No Campo: M√≥dulo III ‚Äì Times da Excel√™ncia (TIMES) - Curso,
BA00000003043,0, Planejamento Empresarial - Gest√£o de Processos Empresariais - (consultoria e instrutoria),
BA00000002126,0, Pratique - Abordagem Vendas,
BA00000002127,0, Pratique - Atendimento,
BA00000002129,0, Pratique - Controles Financeiros,
BA00000002134,0, Pratique - Pre√ßo de Vendas,
BA00000002915,0, PRESEN√áA FINANCEIRA - Com√©rcio,
BA00000002701,0, PRESEN√áA FINANCEIRA - Ind√∫stria,
BA00000002684,0, PRESEN√áA FINANCEIRA - Ind√∫stria de Alimentos e Agroind√∫stria,
BA00000002961,0, PRESEN√áA FINANCEIRA - PRODUTOR RURAL,
BA00000002961,1, PRESEN√áA FINANCEIRA - PRODUTOR RURAL (Consultoria + Instrutoria),
BA00000002962,0, PRESEN√áA FINANCEIRA - PRODUTOR RURAL (Instrutoria),
BA00000002695,0, PRESEN√áA FINANCEIRA - Servi√ßos,
BA00000003721,0, Projeto de Vida: reflex√µes e pr√°ticas,
BA00000003248,0, Rela√ß√µes Humanas ‚Äì Por que isto √© importante? (DESPERTAR - Empreendedorismo para o Ensino M√©dio) - PRESENCIAL,
BA00000003023,0, RENOVA VAREJO,
BA00000003024,0, RENOVA VAREJO - CURSO,
BA00000003743,0, Renova Varejo 2.0,
BA00000003478,0, Revigora Sa√∫de - Diagn√≥stico de Maturidade,
BA00000003480,0, Revigora Sa√∫de - Foco em Marketing,
BA00000003479,0, Revigora Sa√∫de - Foco em Planejamento Empresarial,
BA00000003481,0, Revigora Sa√∫de - Foco Finan√ßas,
BA00000002894,0, SEBRAE AGILE FINAN√áAS (PRESENCIAL E ONLINE) - Contas a Pagar e Contas a Receber,
BA00000002895,0," SEBRAE AGILE FINAN√áAS (PRESENCIAL E ONLINE) - Empr√©stimos, Financiamentos e Garantias de Cr√©dito",
BA00000002897,0, SEBRAE AGILE FINAN√áAS (PRESENCIAL E ONLINE) - Forma√ß√£o do pre√ßo de vendas e margens financeiras,
BA00000002898,0, SEBRAE AGILE FINAN√áAS (PRESENCIAL E ONLINE) - Gest√£o de compras e estoques,
BA00000002899,0, SEBRAE AGILE FINAN√áAS (PRESENCIAL E ONLINE) - Gest√£o de Custos,
BA00000002900,0, SEBRAE AGILE FINAN√áAS (PRESENCIAL E ONLINE) - Gest√£o do Fluxo de Caixa e Controles Financeiros,
BA00000002901,0, SEBRAE AGILE FINAN√áAS (PRESENCIAL E ONLINE) - Inadimpl√™ncia da Carteira de Clientes,
BA00000002902,0, SEBRAE AGILE FINAN√áAS (PRESENCIAL E ONLINE) - Pol√≠tica de Vendas e Descontos,
BA00000002903,0, SEBRAE AGILE MARKETING (PRESENCIAL E ONLINE) - Atendimento ao Cliente,
BA00000002904,0, SEBRAE AGILE MARKETING (PRESENCIAL E ONLINE) - Comportamento do consumidor e marketing de relacionamento,
BA00000002905,0, SEBRAE AGILE MARKETING (PRESENCIAL E ONLINE) - Desenvolvimento de Novos canais de Venda,
BA00000002987,0, SEBRAE AGILE MARKETING (PRESENCIAL E ONLINE) - Estrat√©gias de Comunica√ß√£o,
BA00000002983,0, SEBRAE AGILE MARKETING (PRESENCIAL E ONLINE) - Estrat√©gias de P√≥s Vendas,
BA00000002985,0, SEBRAE AGILE MARKETING (PRESENCIAL E ONLINE) - Estrutura√ß√£o da √Årea Comercial,
BA00000002906,0, SEBRAE AGILE MARKETING (PRESENCIAL E ONLINE) - Gest√£o do mix mercadol√≥gico,
BA00000002986,0, SEBRAE AGILE MARKETING (PRESENCIAL E ONLINE) - Planejamento e Gest√£o de vendas,
BA00000002908,0, SEBRAE AGILE MARKETING (PRESENCIAL E ONLINE) - Plano de Marketing,
BA00000002909,0, SEBRAE AGILE MARKETING (PRESENCIAL E ONLINE) - Plano de Marketing - Atua√ß√£o em Delivery,
BA00000002984,0, SEBRAE AGILE MARKETING (PRESENCIAL E ONLINE) - Pol√≠tica Comercial,
BA00000002991,0, SEBRAE AGILE PESSOAS (PRESENCIAL E ONLINE) - Descri√ß√£o de Cargos e Sal√°rios,
BA00000002992,0, SEBRAE AGILE PESSOAS (PRESENCIAL E ONLINE) - Planejamento Estrat√©gico de Pessoas,
BA00000002990,0, SEBRAE AGILE PESSOAS (PRESENCIAL E ONLINE) - Politica de Gest√£o de Pessoas,
BA00000002989,0, SEBRAE AGILE PESSOAS (PRESENCIAL E ONLINE) - Recrutamento e Sele√ß√£o,
BA00000002989,1, SEBRAE AGILE PESSOAS (PRESENCIAL E ONLINE) - Recrutamento e Sele√ß√£o [Indica√ß√£o do Cliente],
BA00000002988,0, SEBRAE AGILE PESSOAS (PRESENCIAL E ONLINE) - Treinamento e Desenvolvimento,
BA00000002911,0, SEBRAE AGILE PLANEJAMENTO (PRESENCIAL E ONLINE) - Gest√£o de Processos Empresariais,
BA00000002912,0, SEBRAE AGILE PLANEJAMENTO (PRESENCIAL E ONLINE) - Modelagem de Neg√≥cios,
BA00000002913,0, SEBRAE AGILE PLANEJAMENTO (PRESENCIAL E ONLINE) - Planejamento Estrat√©gico,
BA00000002914,0, SEBRAE AGILE PLANEJAMENTO (PRESENCIAL E ONLINE) - Plano de Neg√≥cios,
BA00000003470,0, Seja empreendedor no campo,
BA00000003552,0, Seja um bom l√≠der: como fazer an√°lise de perfil comportamental,
BA00000003819,0, Seja um empreendedor com atitudes certeiras,
BA00000002925,0, Servi√ßos Financeiros e Cont√°beis - Gest√£o Econ√¥mico/Financeira (Consultoria e Instrutoria),
BA00000001789,1, Sistematiza√ß√£o do Artesanato - Design,
BA00000001789,0, Sistematiza√ß√£o do Artesanato - Diagn√≥stico,
BA00000001789,3, Sistematiza√ß√£o do Artesanato - Finan√ßas,
BA00000001927,0, Sistematiza√ß√£o do Artesanato - Informa√ß√µes de Mercado,
BA00000003712,0, Storytelling: contando a sua hist√≥ria,
BA00000000522,0, Vender para o governo No Campo,
BA00000003503,0, Viabilizando uma organiza√ß√£o coletiva,
BA00000003664,0,[ALINHAMENTO] - GEBR - GEST√ÉO EFICIENTE PARA BARES E RESTAURANTES,
BA00000002994,1,[GEBR] - GEST√ÉO EFICIENTE PARA BARES E RESTAURANTES - ATENDIMENTO COLETIVO [Indica√ß√£o do Cliente],
BA00000002482,1,[GEBR] - GEST√ÉO EFICIENTE PARA BARES E RESTAURANTES - FINAN√áAS [Indica√ß√£o do Cliente],
BA00000003258,1,[GEBR] - GEST√ÉO EFICIENTE PARA BARES E RESTAURANTES - MARKETING [Indica√ß√£o do Cliente],
BA00000002503,1,[GEBR] - GEST√ÉO EFICIENTE PARA BARES E RESTAURANTES - OPERA√á√ïES E PROCESSOS [Indica√ß√£o do Cliente],
BA00000002485,1,[GEBR] - GEST√ÉO EFICIENTE PARA BARES E RESTAURANTES - PESSOAS [Indica√ß√£o do Cliente],
BA00000002480,1,[GEBR] - GEST√ÉO EFICIENTE PARA BARES E RESTAURANTES - PLANEJAMENTO [Indica√ß√£o do cliente],
BA00000003019,1,[GEBR] - GEST√ÉO EFICIENTE PARA BARES E RESTAURANTES [Indica√ß√£o do Cliente],
BA00000003935,0,[GUIA]  Escola do cacau,
BA00000003723,0,[GUIA]  Plano Municipal de Turismo,
BA00000003821,0,"[GUIA] Boas pr√°ticas, colheita e beneficiamento de mel",
BA00000003981,0,[GUIA] Fortalecimento da pesca e aquicultura,
BA00000003922,0,[GUIA] Gest√£o estrat√©gica para o segmento de beleza e cosm√©ticos,
BA00000003786,0,[GUIA] Manejo nutricional e sanit√°rio de bezerras - FIV,
BA00000003897,0,[GUIA] Transforma√ß√£o Digital,
BA00000003809,0,[INOVA√á√ÉO ABERTA] Marca pessoal (CP42_2024),
BA00000003877,0,[INOVA√á√ÉO ABERTA] Mentoria - Ativa√ß√£o da loja f√≠sica (CP52_2024),
BA00000003963,0,[INOVA√á√ÉO ABERTA] Palestra interativa - Atendimento ao cliente (CP55_2024),
BA00000003886,0,[INOVA√á√ÉO ABERTA] Trilha pr√©-acelera√ß√£o para empreendedoras (CP50_2024),
BA00000003936,0,[PILOTO] Consultoria PopUp: Forma√ß√£o de Pre√ßos Estrat√©gica para Otimizar o Lucro do Seu Produto,
BA00000003969,0,[POLO DE LIDERAN√áA] Rotas da Lideran√ßa - Estilos Comportamentais e Forma√ß√£o das Equipes,
BA00000003970,0,[POLO DE LIDERAN√áA] Rotas da Lideran√ßa - Estrat√©gias de Poder e Influ√™ncia,
BA00000003971,0,[POLO DE LIDERAN√áA] Rotas da Lideran√ßa - Intelig√™ncia Emocional,
BA00000002448,1,[S] Adequa√ß√£o √† norma ABNT NBR 15575:2013 - Desempenho de Edifica√ß√µes Habitacionais,"R$ 20.000,00"
BA00000003707,0,{Alinhamento} - Educa√ß√£o Empreendedora para Professores,
BA00000003680,0,"<b><span style=""color:#d900ff"">[INOVA√á√ÉO ABERTA] </span></b> Otimiza√ß√£o da carga tribut√°ria (CP15_2024)",
BA00000003286,0,ALINHAMENTO -  Agentes de Mercado 2024 - Agroneg√≥cio e Multissetorial,
BA00000002135,0,BootCamp - Empreendedorismo em A√ß√£o,
BA00000002662,0,Consultoria de Estudo sobre o Licenciamento Ambiental do Fornecimento da Cadeia de G√°s e Petr√≥leo,
BA00000003937,1,Experi√™ncia Imersiva em Seguran√ßa de Alimentos,
BA00000003937,0,Experi√™ncia Imersiva em Seguran√ßa de Alimentos,
BA00000003621,0,"Metodologia de atua√ß√£o, gest√£o e monitoramento por n√≠veis de maturidade dos Ecossistemas de Inova√ß√£o [FATOR 50]",
BA00000002915,1,PRESEN√áA FINANCEIRA - Com√©rcio [Indica√ß√£o do Cliente],
BA00000002701,1,PRESEN√áA FINANCEIRA - Ind√∫stria [Indica√ß√£o do Cliente],
BA00000002684,1,PRESEN√áA FINANCEIRA - Ind√∫stria de Alimentos e Agroind√∫stria [Indica√ß√£o do Cliente],
BA00000002695,1,PRESEN√áA FINANCEIRA - Servi√ßos [Indica√ß√£o do Cliente],
BA00000002620,0,"Programa integrado para realiza√ß√£o de estudos, mapeamento de oportunidades, an√°lises de cen√°rios e tend√™ncias, conte√∫dos t√©cnicos de intelig√™ncia setorial e de mercado relacionados ao setor de Petr√≥leo, G√°s e Energia",
BA00000002894,1,SEBRAE AGILE FINAN√áAS (PRESENCIAL E ONLINE) - Contas a Pagar e Contas a Receber [Indica√ß√£o do Cliente],
BA00000002895,1,"SEBRAE AGILE FINAN√áAS (PRESENCIAL E ONLINE) - Empr√©stimos, Financiamentos e Garantias de Cr√©dito [Indica√ß√£o do Cliente]",
BA00000002897,1,SEBRAE AGILE FINAN√áAS (PRESENCIAL E ONLINE) - Forma√ß√£o do pre√ßo de vendas e margens financeiras [Indica√ß√£o do Cliente],
BA00000002898,1,SEBRAE AGILE FINAN√áAS (PRESENCIAL E ONLINE) - Gest√£o de compras e estoques [Indica√ß√£o do Cliente],
BA00000002899,1,SEBRAE AGILE FINAN√áAS (PRESENCIAL E ONLINE) - Gest√£o de Custos [Indica√ß√£o do Cliente],
BA00000002900,1,SEBRAE AGILE FINAN√áAS (PRESENCIAL E ONLINE) - Gest√£o do Fluxo de Caixa e Controles Financeiros [Indica√ß√£o do Cliente],
BA00000002901,1,SEBRAE AGILE FINAN√áAS (PRESENCIAL E ONLINE) - Inadimpl√™ncia da Carteira de Clientes [Indica√ß√£o do Cliente],
BA00000002902,1,SEBRAE AGILE FINAN√áAS (PRESENCIAL E ONLINE) - Pol√≠tica de Vendas e Descontos [Indica√ß√£o do Cliente],
BA00000002903,1,SEBRAE AGILE MARKETING (PRESENCIAL E ONLINE) - Atendimento ao Cliente [Indica√ß√£o do Cliente],
BA00000002904,1,SEBRAE AGILE MARKETING (PRESENCIAL E ONLINE) - Comportamento do consumidor e marketing de relacionamento [Indica√ß√£o do Cliente],
BA00000002905,1,SEBRAE AGILE MARKETING (PRESENCIAL E ONLINE) - Desenvolvimento de Novos canais de Venda [Indica√ß√£o do Cliente],
BA00000002987,1,SEBRAE AGILE MARKETING (PRESENCIAL E ONLINE) - Estrat√©gias de Comunica√ß√£o [Indica√ß√£o do Cliente],
BA00000002983,1,SEBRAE AGILE MARKETING (PRESENCIAL E ONLINE) - Estrat√©gias de P√≥s Vendas [Indica√ß√£o do cliente],
BA00000002985,1,SEBRAE AGILE MARKETING (PRESENCIAL E ONLINE) - Estrutura√ß√£o da √Årea Comercial [Indica√ß√£o do Cliente],
BA00000002906,1,SEBRAE AGILE MARKETING (PRESENCIAL E ONLINE) - Gest√£o do mix mercadol√≥gico [Indica√ß√£o do Cliente],
BA00000002986,1,SEBRAE AGILE MARKETING (PRESENCIAL E ONLINE) - Planejamento e Gest√£o de vendas [Indica√ß√£o do Cliente],
BA00000002909,1,SEBRAE AGILE MARKETING (PRESENCIAL E ONLINE) - Plano de Marketing - Atua√ß√£o em Delivery [Indica√ß√£o do Cliente],
BA00000002908,1,SEBRAE AGILE MARKETING (PRESENCIAL E ONLINE) - Plano de Marketing [Indica√ß√£o do Cliente],
BA00000002984,1,SEBRAE AGILE MARKETING (PRESENCIAL E ONLINE) - Pol√≠tica Comercial [Indica√ß√£o do Cliente],
BA00000002991,1,SEBRAE AGILE PESSOAS (PRESENCIAL E ONLINE) - Descri√ß√£o de Cargos e Sal√°rios [Indica√ß√£o do Cliente],
BA00000002992,1,SEBRAE AGILE PESSOAS (PRESENCIAL E ONLINE) - Planejamento Estrat√©gico de Pessoas [Indica√ß√£o do Cliente],
BA00000002990,1,SEBRAE AGILE PESSOAS (PRESENCIAL E ONLINE) - Politica de Gest√£o de Pessoas [Indica√ß√£o do Cliente],
BA00000002988,1,SEBRAE AGILE PESSOAS (PRESENCIAL E ONLINE) - Treinamento e Desenvolvimento [Indica√ß√£o do Cliente],
BA00000002911,1,SEBRAE AGILE PLANEJAMENTO (PRESENCIAL E ONLINE) - Gest√£o de Processos Empresariais [Indica√ß√£o do Cliente],
BA00000002912,1,SEBRAE AGILE PLANEJAMENTO (PRESENCIAL E ONLINE) - Modelagem de Neg√≥cios [Indica√ß√£o do Cliente],
BA00000002913,1,SEBRAE AGILE PLANEJAMENTO (PRESENCIAL E ONLINE) - Planejamento Estrat√©gico [Indica√ß√£o do Cliente],
BA00000002914,1,SEBRAE AGILE PLANEJAMENTO (PRESENCIAL E ONLINE) - Plano de Neg√≥cios [Indica√ß√£o do cliente],
BA00000003716,0,"Trilha Solar Padr√£o - Qualidade em Opera√ß√µes, Log√≠stica e Processos ‚òÄÔ∏è",
